,wickets,extras
CH Gayle,112,206
XM Marshall,0,5
RR Sarwan,16,19
S Chanderpaul,0,1
KA Pollard,59,111
JE Taylor,124,264
DBL Powell,51,159
NO Miller,34,49
FH Edwards,53,221
JD Ryder,11,23
LRPL Taylor,0,8
DR Flynn,0,0
H Masakadza,22,50
V Sibanda,4,11
S Matsikenyeri,15,25
T Taibu,0,2
SC Williams,76,152
E Chigumbura,88,297
KM Dabengwa,15,26
P Utseya,104,151
RW Price,87,117
T Mupariwa,39,75
EC Rainsford,17,65
Tamim Iqbal,0,1
Junaid Siddique,77,185
Mohammad Ashraful,8,13
Shakib Al Hasan,280,272
Mehrab Hossain jnr,3,2
Naeem Islam,34,44
Mashrafe Mortaza,227,454
Mahbubul Alam,8,23
Nazmul Hossain,30,35
ST Jayasuriya,105,135
DPMD Jayawardene,2,6
CK Kapugedera,2,8
J Mubarak,1,0
AD Mathews,137,197
KMDN Kulasekara,213,386
T Thushara,50,130
M Muralitharan,209,313
BAW Mendis,144,184
MEK Hussey,4,12
MJ Clarke,56,101
DJ Hussey,19,27
CL White,11,31
JR Hopes,73,97
NW Bracken,168,194
BW Hilfenhaus,33,86
JH Kallis,102,175
JP Duminy,74,125
JA Morkel,50,104
J Botha,77,142
DA Warner,0,0
RJ Harris,46,45
AB de Villiers,7,17
TM Dilshan,97,128
MF Maharoof,118,194
Salman Butt,0,3
Younis Khan,1,12
Shoaib Malik,133,326
SHT Kandamby,2,5
Misbah-ul-Haq,0,0
Shahid Afridi,259,464
Sohail Tanvir,75,281
Umar Gul,170,425
Iftikhar Anjum,73,100
Shoaib Akhtar,104,353
CB Mpofu,66,233
MG Johnson,243,589
NM Hauritz,56,107
SW Tait,66,255
Sohail Khan,19,39
Saeed Ajmal,181,242
G Gambhir,0,2
SR Tendulkar,31,105
SK Raina,42,53
Yuvraj Singh,99,96
MS Dhoni,1,3
RG Sharma,11,9
V Sehwag,58,120
YK Pathan,37,53
Z Khan,211,578
P Kumar,86,193
SO Tikolo,28,50
JK Kamande,13,52
CO Obuya,21,52
RR Patel,2,0
RL Bhudia,1,0
NN Odhiambo,24,78
PJ Ongondo,34,79
MN Waller,9,22
MJ Guptill,4,9
GD Elliott,38,60
KD Mills,203,253
DL Vettori,208,171
TG Southee,230,396
JS Patel,44,50
CRD Fernando,116,359
RA Jadeja,235,203
IK Pathan,156,333
L Balaji,28,90
I Sharma,125,194
IE O'Brien,16,19
BJ Diamanti,0,0
JDP Oram,132,210
IG Butler,16,35
Harbhajan Singh,190,397
AJ Strauss,0,0
RS Bopara,41,111
KP Pietersen,8,18
OA Shah,7,8
PD Collingwood,96,154
AD Mascarenhas,13,35
SCJ Broad,198,330
GJ Batty,4,4
LMP Simmons,1,11
DJ Bravo,193,357
A Flintoff,132,261
JM Anderson,268,581
DJG Sammy,87,139
LS Baker,7,10
RR Watson,3,1
KJ Coetzer,1,1
CM Wright,8,18
MM Iqbal,0,0
JH Stander,2,8
AC Botha,16,12
R Rampaul,115,250
SJ Benn,38,64
GC Smith,19,47
M Morkel,195,426
DW Steyn,212,381
M Ntini,148,179
B Laughlin,4,7
JM Davison,19,16
Rizwan Cheema,12,13
S Dhaniram,23,9
U Bhatti,12,34
Khurram Chohan,20,20
JAR Blain,14,27
CS MacLeod,8,77
JD Nel,3,11
RE van der Merwe,38,48
B Geeves,3,6
SM Harwood,2,4
SR Watson,162,252
A Symonds,83,151
SR Clark,51,97
Ahmed Shehzad,2,1
Yasir Arafat,2,32
MJ North,0,0
TT Bresnan,120,229
RS Morton,0,0
DE Bernard,10,58
RP Singh,75,214
A Nehra,115,217
Mahmudullah,83,170
Abdur Razzak,176,352
Syed Rasel,53,108
Rubel Hossain,128,229
ADS Fletcher,0,0
DS Smith,0,1
RN Lewis,8,9
KAJ Roach,132,271
NT Pascal,0,5
TT Samaraweera,1,0
SL Malinga,343,843
Mohammad Yousuf,1,0
Fawad Alam,6,6
Abdul Razzaq,110,247
Mohammad Amir,88,160
DC Thomas,2,2
GC Tonge,6,12
Naved-ul-Hasan,100,195
HMCM Bandara,30,32
KTGD Prasad,31,54
Enamul Haque jnr,15,11
CJ Chibhabha,30,58
BRM Taylor,4,10
AG Cremer,75,94
TM Odoyo,45,115
HA Varaiya,18,20
H Patel,2,6
AM Samad,2,12
JL Denly,1,2
IJL Trott,3,10
LJ Wright,17,49
AU Rashid,209,191
GP Swann,107,101
RJ Sidebottom,25,85
PR Stirling,26,56
KJ O'Brien,60,120
JF Mooney,37,75
DT Johnston,39,80
AR White,10,10
RM West,1,5
AR Cusack,34,71
WK McCallan,14,19
B Lee,281,682
NL McCullum,71,57
DR Tuffey,51,139
SE Bond,113,219
V Kohli,7,19
PM Siddle,20,36
TL Best,36,147
WD Parnell,110,207
JEC Franklin,58,116
AM Nayar,0,2
G Onions,4,19
AC Voges,6,11
Dolar Mahmud,8,19
KM Jarvis,52,75
MC Henriques,10,15
DE Bollinger,65,144
SB Styris,76,118
MM Patel,93,159
AN Petersen,0,4
R McLaren,84,171
CK Langeveldt,88,163
UWMBCA Welegedara,17,35
S Randiv,38,37
NLTC Perera,183,189
M Pushpakumara,0,1
LPC Silva,1,3
RAS Lakmal,110,227
S Sreesanth,81,171
Mohammad Asif,41,96
Sarfraz Ahmed,0,0
AJ McKay,28,76
Shahadat Hossain,28,154
Shafiul Islam,73,174
N Deonarine,4,9
DR Smith,53,118
Aftab Ahmed,4,18
WW Hinds,22,32
M Vijay,1,3
A Mithun,3,17
S Tyagi,4,6
Suhrawadi Shuvo,17,12
JC Tredwell,63,37
GA Lamb,15,30
MJ Mason,27,54
T Maruma,6,5
CJ McKay,105,155
AM Blignaut,30,158
A Mishra,65,60
AB Dinda,14,25
PP Ojha,21,14
UT Yadav,116,250
LL Tsotsobe,102,132
R Ashwin,166,220
Pankaj Singh,0,2
BMAJ Mendis,31,36
HDRL Thirimanne,3,3
Umar Amin,0,0
PC Connell,7,13
WB Rankin,67,204
Imran Farhat,2,1
Asad Shafiq,0,0
Abdur Rehman,35,64
MH Yardy,20,39
SPD Smith,29,19
NR Kumar,2,5
AS Hansra,2,8
CK Hooper,1,8
HS Baidwan,25,37
PA Desai,6,1
A Balbirnie,1,0
Faisal Hossain,1,1
IR Bell,6,5
A Shahzad,15,49
GH Dockrell,68,119
KS Williamson,41,44
HMRKB Herath,79,66
TJ Heggelman,2,0
TLW Cooper,6,9
W Barresi,0,0
Mudassar Bukhari,16,40
PW Borren,6,19
PM Seelaar,26,24
MMA Jonkman,1,2
Adeel Raja,6,4
BP Loots,2,9
NG Jones,5,8
A van der Merwe,2,0
Mohammad Hafeez,142,191
Mohammad Irfan,88,196
CA Ingram,0,0
GW Flower,12,10
SW Masakadza,24,56
HK Bennett,37,70
IA Nicolson,1,2
RJ Peterson,76,65
Wahab Riaz,138,375
J Theron,32,51
JW Hastings,44,69
XJ Doherty,63,58
KO Meth,10,19
CT Tremlett,11,58
F du Plessis,2,11
PP Chawla,33,40
CR Woakes,191,196
LJ Woodcock,3,3
ST Finn,111,151
JJ Krejza,7,18
LE Plunkett,140,296
TG Gordon,0,1
WD Balaji Rao,10,16
H Osinde,25,70
SO Ngoche,6,2
E Otieno,15,34
RN ten Doeschate,20,57
BA Westdijk,1,19
T Panyangara,60,162
Imran Tahir,180,123
JO Ngoche,5,14
BP Kruger,0,0
AD Russell,72,164
D Bishoo,38,42
Alok Kapali,18,19
MN Samuels,66,127
A Martin,13,7
Hammad Azam,3,7
Tanvir Ahmed,1,1
Junaid Khan,113,200
MK Tiwary,5,8
R Vinay Kumar,46,49
MR Swart,2,1
JH Davey,26,44
RD Berrington,15,21
JW Dernbach,31,101
SR Patel,23,22
FDM Karunaratne,0,0
Nasir Hossain,25,17
RMS Eranga,22,44
Shuvagata Hom,0,0
S Prasanna,33,59
BA Stokes,76,214
SG Borthwick,1,0
BV Vitori,33,77
Junaid Siddiqui,5,13
Zahid Hussain,3,2
CR Brathwaite,46,66
MR Marsh,57,102
RJ Nicol,10,11
PJ Cummins,147,261
SC Meaker,2,10
N M'shangwe,2,5
CKB Kulasekara,0,3
Aizaz Cheema,24,39
VR Aaron,11,34
Farhad Reza,15,33
Elias Sunny,5,4
SP Narine,99,177
JN Mohammed,8,4
VD Philander,42,69
SMSM Senanayake,60,52
AM Ellis,14,22
DAJ Bracewell,28,36
DT Christian,21,23
R Sharma,6,3
MA Starc,250,510
Azhar Ali,4,12
DI Allan,0,0
RG Aga,5,15
TS Nethula,5,13
JL Ontong,1,1
JL Pattinson,13,52
C de Grandhomme,29,73
MD Bates,3,1
NM Lyon,29,42
J Charles,0,2
TA Boult,219,340
D Elgar,2,9
GJ Maxwell,78,145
AF Milne,59,122
Mominul Haque,6,3
V Permaul,8,12
Sohag Gazi,24,38
B Kumar,160,282
Mohammed Shami,202,318
AJ Finch,5,4
BCJ Cutting,5,6
KW Richardson,45,39
JE Root,27,57
RK Kleinveldt,12,48
JDS Neesham,71,191
MJ McClenaghan,92,150
C Munro,9,23
F Behardien,12,26
AM Phangiso,30,44
JO Holder,162,304
JP Faulkner,106,117
CT Mutombodzi,5,19
Raza-ur-Rehman,1,3
KJ Abbott,35,45
Ziaur Rahman,10,17
Abul Hasan,0,6
Sikandar Raza,81,157
TL Chatara,99,260
Robiul Islam,2,15
Ehsan Adil,4,10
NM Carter,1,1
MW Machan,4,10
RM Haq,27,21
I Wardlaw,18,34
RML Taylor,11,33
CH Morris,50,110
CJ Anderson,59,93
TJ Murtagh,48,47
DLS van Bunge,6,3
MJG Rippon,7,4
E Schiferli,8,23
Ahsan Malik,9,18
LHD Dilhara,3,8
Asad Ali,2,12
Haris Sohail,13,17
AT Rayudu,3,7
AK Perera,0,0
MT Chinouya,1,2
T van der Gugten,11,13
K Kamyuka,5,1
JOA Gordon,15,51
MC Sorensen,12,39
MA Carberry,0,0
NM Coulter-Nile,52,70
Fawad Ahmed,2,2
CJ Jordan,47,172
AP Devcich,5,19
Shamsur Rahman,0,0
Sohaib Maqsood,1,1
Bilawal Bhatti,7,20
Anwar Ali,20,23
MM Sharma,34,49
SMA Priyanjan,7,13
KDK Vithanage,0,0
TC Bastiampillai,0,0
MA Leask,64,86
SM Sharif,89,134
Arafat Sunny,27,30
Al-Amin Hossain,25,35
SR Thompson,10,41
PC de Silva,3,9
STR Binny,21,14
MM Ali,119,145
Mohammad Talha,4,9
Irfan Ahmed,4,9
Skhawat Ali,0,4
Nizakat Khan,3,2
Babar Hayat,0,0
Waqas Barkat,0,0
Haseeb Amjad,5,6
Tanwir Afzal,8,20
Nadeem Ahmed,26,21
Ehsan Nawaz,11,29
Khurram Khan,3,5
Shaiman Anwar,5,2
Mohammad Shahzad,8,4
Fayyaz Ahmed,0,0
Krishna Chandran,1,2
Ahmed Raza,61,84
Mohammad Naveed,46,65
AC Evans,37,59
HF Gurney,11,36
RV Uthappa,0,0
AR Patel,68,64
Mohammad Mithun,0,2
Taskin Ahmed,88,177
LM Jongwe,28,82
N Madziva,13,37
J Nyumbu,19,28
T Kamungozi,12,10
RR Rossouw,1,1
DT Tiripano,30,64
J Anderson,0,0
CA Young,77,118
GJ McCarter,0,0
SA Abbott,33,65
Zulfiqar Babar,4,8
Raza Hasan,2,2
PLS Gamage,10,30
KM Jadhav,28,46
JR Hazlewood,143,177
Sabbir Rahman,3,6
SF Mire,11,25
Soumya Sarkar,20,16
MJ Henry,158,175
JL Carter,4,9
SS Cottrell,52,100
Yasir Shah,25,24
Rohan Mustafa,87,96
Amjad Javed,7,31
Mohammad Tauqir,8,12
AM Guruge,7,5
AR McBrine,71,65
Rahat Ali,20,35
PVD Chameera,51,144
Kamran Shazad,4,7
Nasir Aziz,2,0
PHT Kaushal,0,0
Saad Nasim,0,1
S Chattergoon,0,0
BP Nash,0,0
SJ Harmison,66,251
MJ Santner,120,140
DJ Willey,105,176
MA Wood,75,166
BM Wheeler,11,17
DS Kulkarni,20,52
Mustafizur Rahman,159,241
Jubair Hossain,4,2
K Rabada,172,414
TAM Siriwardana,9,15
SS Pathirana,16,19
N Pradeep,69,125
Imad Wasim,44,85
C Zhuwao,0,0
D Wiese,19,25
WPUJC Vaas,118,210
A Nel,94,161
AO Suji,5,16
GD Drummond,2,13
DJ Reekers,3,9
HJC Mol,4,2
Zain Abbas,1,6
Munir Dar,1,1
Najeeb Amar,3,0
JPR Lamsam,0,0
Afzaal Haider,2,3
Mansoor Amjad,1,1
K Weeraratne,0,5
SD Outerbridge,1,0
IH Romaine,1,5
RJ Trott,9,4
RD Steede,1,8
GH O'Brien,3,3
RDM Leverock,13,12
Qaiser Ali,1,10
Sami Faridi,0,1
GH Worker,0,0
IS Sodhi,67,63
Bazid Khan,0,1
Mosharraf Hossain,1,4
GB Hogg,139,224
MDK Perera,13,22
MKDI Amerasinghe,10,14
PA Hitchcock,7,26
CS Martin,7,18
SM Pollock,120,166
Kamran Hussain,4,4
GB Brent,25,71
MR Gillespie,31,104
Tushar Imran,2,2
L Vincent,1,0
M Kartik,30,69
SC Ganguly,22,57
JM Kemp,17,39
LOB Cann,1,14
DL Hemp,0,3
JJ Tucker,3,10
MO Jones,6,18
KC Hodsoll,1,0
AS Luseno,4,8
KAD Hurdle,17,67
LN Onyango,9,6
AL Kandappah,0,0
D Soraine,1,3
J Patraj,2,3
A Shamshudeen,0,0
BJ Hodge,1,0
RR Powar,33,63
KS Lokuarachchi,18,12
MS Panesar,30,33
AB Agarkar,106,230
J Lewis,17,35
AC Agar,22,24
PJC Hoffmann,1,7
MP Stoinis,48,98
RJW Topley,48,87
AJ Hall,85,118
KED Carroll,0,0
MJ Fourie,0,9
RK Whelan,2,11
GH Bodi,0,0
JJ van der Wath,19,29
MS Tshabalala,3,7
UDU Chandana,38,57
Mohammad Rafique,55,95
CD Collymore,35,110
DR Brown,3,7
GA Rogers,5,2
D Langford-Smith,10,41
TBM de Leede,18,25
LP van Troost,1,6
WF Stelling,6,17
MP Vaughan,9,17
JWM Dalrymple,15,52
CD McMillan,13,2
Azhar Mahmood,6,33
Mohammad Sami,73,257
MBS Jonkman,5,10
GR Codrington,9,11
AG Prince,0,0
RP Arnold,8,15
Danish Kaneria,12,27
AC Cummins,4,28
KT Sandher,6,11
IDR Bradshaw,69,145
PJK Mooney,0,3
SI Mahmood,38,124
NJ Astle,8,9
Aamer Yamin,2,8
GD McGrath,109,98
PDRL Perera,12,31
AR Adams,28,43
DCC Borden,3,9
S Mukuddem,11,31
ADJ Pitcher,0,1
RT Lyons,1,2
A Codrington,6,16
A Kumble,31,90
RR Emrit,0,16
D Mongia,13,17
Bilal Asif,5,1
WP Masakadza,22,36
D Mohammed,10,6
ML Nkala,5,23
T Muzarabani,8,9
Mohammad Kashif,5,1
H Durham,2,6
SKW Kelly,2,9
S Thuraisingam,6,9
DR Martyn,1,0
MD Gunathilaka,8,7
GSNFG Jayasuriya,2,6
J Blackwood,0,0
Iftikhar Ahmed,16,14
Zafar Gohar,2,3
Anshuman Rath,13,5
KD Shah,7,0
Asif Iqbal (1),0,1
Umair Ali,0,9
Y Punja,0,4
Zaheer Maqsood,2,2
HP Rinke,2,3
AJ Ireland,16,65
MJ Cosgrove,0,0
ME Trescothick,2,7
R Clarke,10,33
D Gough,58,156
BJ Patel,0,0
JS Ababu,1,3
Rajin Saleh,10,20
NB Mahwire,8,34
VS Solanki,1,7
Kabir Ali,21,50
G Chapple,0,0
JDF Vandersay,40,65
Gurkeerat Singh,1,1
R Dhawan,1,8
A Zampa,179,122
SM Boland,17,27
TM Head,25,37
GM Strydom,0,0
RS Higgins,4,1
MD Shanaka,22,32
BKG Mendis,0,0
BJ McCarthy,49,96
ID Blackwell,15,29
VRV Singh,0,11
R Telemachus,8,29
ML Lewis,5,12
ST Gabriel,30,83
Manjural Islam Rana,14,29
KHRK Fernando,1,2
Khaled Mahmud,24,60
WCA Ganegama,0,4
BR Dorey,2,8
GJP Kruger,2,21
CL Cairns,20,31
JM Vince,1,1
KMC Bandara,1,2
CD de Lange,15,2
Rameez Shahzad,0,8
Mohammad Nawaz (3),17,21
PKD Chase,19,51
DM de Silva,45,37
MA Aponso,10,13
Hasan Ali,107,166
LA Dawson,5,2
Aizaz Khan,15,20
Ehsan Khan,23,24
MRJ Watt,92,79
Tanveer Ahmed,7,13
T Bavuma,0,0
AL Phehlukwayo,96,196
JM Mennie,3,6
CP Tremain,7,11
DJ Worrall,2,6
KC Brathwaite,1,2
AS Joseph,124,244
D Pretorius,38,23
Mosaddek Hossain,16,35
JT Ball,24,48
HH Pandya,82,192
J Yadav,1,6
TP Ura,0,0
L Siaka,3,7
A Vala,47,39
S Bau,13,11
MD Dai,13,23
H Hiri,3,2
N Vanua,56,190
CA Soper,67,154
WT Gavera,1,8
JB Reva,6,1
K Christie,0,3
CT Mumba,8,14
R Powell,3,2
AR Nurse,44,56
DAS Gunaratne,25,28
TS Chisoro,12,15
LH Ferguson,98,265
Tanbir Hayder,0,0
Subashis Roy,1,5
B Stanlake,7,11
CB Sole,55,150
BTJ Wheal,20,16
Mohammed Qasim,2,0
PADLR Sandakan,29,78
LD Madushanka,4,9
CBRLS Kumara,39,104
Zahoor Khan,95,195
Imran Haider,29,38
Mehedi Hasan Miraz,107,73
A Nao,20,43
SC Kuggeleijn,5,7
Simi Singh,30,18
TS Roland-Jones,1,0
Shadab Khan,84,57
Fakhar Zaman,1,1
Faheem Ashraf,26,37
RP Burl,14,36
R Ngarava,56,137
JJ Bumrah,153,315
RL Chase,27,42
ML Cummins,8,30
KOK Williams,9,11
PWH de Silva,85,44
A Dananjaya,56,58
MR Adair,61,169
J Little,59,125
DJ Malan,1,0
TK Curran,38,57
N Pooran,6,11
I Udana,22,41
AK Markram,19,38
HE van der Dussen,1,0
Asif Ali,0,0
JC Archer,46,102
Mohammad Saifuddin,43,73
O Thomas,30,64
Shaheen Shah Afridi,112,147
V Shankar,4,10
L Ngidi,92,155
Kuldeep Yadav,174,105
FA Allen,9,3
JP Behrendorff,16,24
YS Chahal,124,119
SC Getkate,7,3
Taijul Islam,29,13
SS Iyer,0,2
G Toka,3,4
CJA Amini,33,44
D Ravu,10,40
Khawar Ali,41,59
Jatinder Singh,1,3
Aqib Ilyas,24,24
Zeeshan Maqsood,56,37
Mohammad Nadeem,19,28
Sandeep Goud,0,3
Fayyaz Butt,40,65
TB Sole,9,20
A Neill,15,20
N Pokana,28,46
AV Lalcheta,2,0
Aamir Kaleem,10,4
Bilal Khan,100,148
MP O'Dowd,1,13
BFW de Leede,44,90
Saqib Zulfiqar,8,15
FJ Klaassen,22,54
Mohammad Hasnain,20,51
JS Malhotra,2,6
SR Taylor,39,46
Aaron Jones,0,10
TK Patel,5,2
NK Patel,43,52
K Gore,11,18
EH Hutchinson,3,17
SN Netravalkar,85,70
J Kila,6,14
K Birkenstock,5,13
MG Erasmus,34,58
CG Williams,5,13
C Viljoen,2,2
JJ Smit,43,50
JN Frylinck,36,73
Z Groenewald,6,1
BM Scholtz,73,52
Jasdeep Singh,42,102
BOP Fernando,0,0
RA Reifer,6,6
JD Campbell,0,0
HR Walsh,24,50
Ali Khan,35,46
Kaleemullah,45,51
DDP D'Silva,6,15
Basil Hameed,46,55
Waheed Ahmed,1,5
KP Meiyappan,38,44
IG Holland,20,34
CAH Stevenson,25,68
DE Budge,1,3
Hamza Tahir,38,35
NP Kenjige,52,30
CP Rizwan,1,4
S Dube,1,6
DL Chahar,16,29
KMA Paul,32,89
K Pierre,1,8
SG Whittingham,6,22
SN Thakur,66,115
Ashfaq Ahmed,4,4
Mohammad Boota,0,1
Sultan Ahmed,0,0
Qadeer Ahmed,5,21
Usman Shinwari,34,39
PHKD Mendis,2,6
CAK Rajitha,33,87
RR Hendricks,1,0
AJ Turner,2,6
JA Richardson,27,32
PWA Mulder,14,39
A Nortje,38,43
MVT Fernando,5,16
Zawar Farid,8,12
ME Sanuth,1,1
HN Ya France,14,39
JI de Villiers,3,8
GJ Delany,6,6
R Shepherd,35,47
M Labuschagne,6,3
SM Curran,38,57
JT Smuts,5,0
MA Agarwal,0,0
Badal Singh,0,6
P Khadka,4,4
G Malla,1,1
S Vesawkar,2,0
DS Airee,46,27
Aarif Sheikh,8,42
RK Paudel,10,7
Karan KC,81,116
S Lamichhane,120,124
S Bhari,15,11
A Bohara,1,0
Kushal Malla,26,28
KA Jamieson,14,30
Navdeep Saini,7,19
KS Airee,2,11
H Klaasen,0,0
KA Maharaj,53,37
DJM Short,0,3
Nazmul Hossain Shanto,1,3
W Madhevere,15,25
Afif Hossain,3,0
CK Tshuma,1,1
Hussain Talat,0,3
BE Hendricks,11,17
Shubman Gill,0,0
KK Ahmed,14,18
TD Astle,10,4
Sompal Kami,79,116
P Sarraf,7,12
B Regmi,2,1
LN Rajbanshi,42,22
Amir Hayat,13,29
C Hemraj,0,0
Rumman Raees,15,16
OC McCoy,4,4
OP Stone,9,21
B Mavuta,10,26
AJ Tye,15,17
MG Neser,3,4
S Kaul,1,5
T Shamsi,75,126
B Muzarabani,54,160
Sunzamul Islam,5,3
DSK Madushanka,3,2
SJ Cameron,3,5
NGRP Jayasuriya,0,0
CJ Dala,1,8
LN Roche,2,8
PS Masvaure,0,1
PM Pushpakumara,1,0
Nazmul Islam,6,4
RR Beaton,1,5
Fazle Mahmud,0,2
HT Tector,2,6
C Campher,30,51
S Mahmood,16,20
Khushdil Shah,3,3
Muhammad Musa,2,3
JN Gillespie,59,147
BG Rogers,5,4
DD Ebrahim,0,0
Tapash Baisya,28,80
AM Bacher,3,2
N Boje,20,40
AF Giles,38,83
AG Wharf,18,31
JW Wilson,1,0
LJ Hamilton,0,5
M Dillon,25,48
PT Collins,12,30
DS Lehmann,22,21
C Green,21,31
SP Jones,5,15
RL Powell,4,14
JJC Lawson,4,28
DK Butler,2,15
Mushfiqur Rahman,8,22
Hasibul Hossain,1,5
HH Streak,42,95
GM Ewing,6,6
Jai Prakash Yadav,4,0
DNT Zoysa,23,71
SD Udal,1,0
Arshad Khan,8,10
Kashif Daud,17,31
AM McCarthy,0,0
KR Mayers,14,42
NE Bonner,1,3
AJ Hosein,60,75
CK Holder,0,2
RO Hurley,3,7
VC Drakes,18,21
L Klusener,12,31
HDPK Dharmasena,6,7
IJ Harvey,30,40
MS Kasprowicz,37,41
WS Jayantha,1,0
Hannan Sarkar,0,0
Tareq Aziz,2,5
SM Ervine,25,48
DT Hondo,32,83
W Mwayenga,1,5
CZ Harris,10,11
S Sriram,3,2
Joginder Sharma,1,4
RS Gavaskar,1,2
A McGrath,3,20
AJ Bichel,33,90
BA Williams,34,81
SB Bangar,0,2
HK Badani,2,1
TJ Friend,1,8
LC Romero,1,10
RW Staple,2,5
CB Lambert,0,6
Rashid Zia,0,6
CA Reid,1,8
HR Johnson,1,9
MA Suji,9,16
DL Blake,0,1
M van Jaarsveld,1,10
RO Hinds,0,3
KNA Bandara,0,1
Mahedi Hasan,15,16
Hasan Mahmud,29,72
DJ Mitchell,13,19
KH Pandya,2,8
LS Livingstone,20,29
Danish Aziz,0,0
Haris Rauf,80,119
L Sipamla,2,7
DM Dupavillon,1,3
LV van Beek,50,122
A Dutt,53,59
GT Main,33,48
PRP Boissevain,1,4
PA van Meekeren,40,90
VJ Kingma,35,73
RTM Mendis,4,10
Shoriful Islam,46,59
KIC Asalanka,16,6
C Karunaratne,26,67
B Fernando,2,15
AM Fernando,12,41
L Gregory,4,4
C Overton,5,13
BA Carse,24,41
MW Parkinson,5,3
Saud Shakeel,1,0
WA Agar,0,9
GF Linde,3,2
P Jayawickrama,5,4
M Theekshana,71,99
Sufyan Mehmood,0,3
Ayan Khan,28,48
Nestor Dhamba,11,4
K Bhurtel,12,24
KH Prajapati,0,0
KV Morea,23,49
M Prasidh Krishna,30,43
KJ Harding,1,9
JP Greaves,1,3
OF Smith,10,34
VR Iyer,0,0
Shoaib Khan,2,2
Waseem Muhammad,0,8
SA Yadav,0,0
Washington Sundar,23,15
DJ Hooda,3,10
Mohammed Siraj,72,158
D Lakshan,0,0
BD Glover,6,56
Musa Ahmed,0,0
Bikram Sob,5,3
SSB Magala,15,31
M van Lingen,2,2
R Trumpelmann,56,128
M Shumba,0,0
JN Loftie-Eaton,23,12
Wasim Ali,1,2
R Hekure,28,29
SK Atai,0,0
M Jansen,41,132
D Khanal,0,0
B Sharki,0,0
Vikramjit Singh,7,15
NT Ellis,11,24
Mohammad Wasim,36,67
Zahid Mahmood,4,3
MG Bracewell,24,19
BM Tickner,18,39
C Floyd,4,6
SI Kamea,28,97
CM McBride,4,16
AT Nidamanuru,0,0
R Klein,12,18
Shariz Ahmad,19,6
KU Carty,0,2
CN Greaves,26,16
O Davidson,0,0
DN Wellalage,27,17
MP Kuhnemann,8,2
MJ Swepson,3,2
S Snater,1,2
TJG Pringle,2,3
SV Bahutule,0,1
TR Gripper,2,3
RL Johnson,10,14
Jamaluddin Ahmed,0,0
PM Liyanagamage,5,23
GD Phillips,14,14
G Motie,34,21
JNT Seales,13,39
A Phillip,4,9
D la Cock,0,0
Mohammad Aadil Alam,9,9
Basir Ahamad,2,0
OAC Banks,4,3
GI Hume,28,27
B Shikongo,25,63
K Mahato,2,12
MJ Potts,11,29
Avesh Khan,9,16
I Kaia,0,0
T Munyonga,0,0
Sabir Ali,3,9
Ebadat Hossain,21,39
B Evans,17,22
VM Nyauchi,8,42
Y Cariah,16,8
K Sinclair,11,12
TL Chivanga,4,16
Ravi Bishnoi,1,13
BC Fortuin,14,4
V Sukumaran,3,6
Aayan Afzal Khan,43,42
Hazrat Bilal,10,23
Gulsan Jha,30,70
L Wood,0,5
Arshdeep Singh,14,29
Umran Malik,13,24
T Lungameni,45,67
BJ McMullen,39,59
S Dhakal,4,1
Shahbaz Ahmed,3,4
KR Sen,2,3
Nasum Ahmed,14,17
H Shah,0,0
Sanwar Hossain,5,3
DA Marillier,7,9
RW Sims,0,3
RAP Nissanka,11,49
D Gamage,1,9
MO Odumbe,7,6
GJ Rennie,3,9
TCB Fernando,1,20
CL Hooper,3,3
AJ Burger,3,2
LJ Burger,6,13
DB Kotze,2,5
PA de Silva,14,21
JF Kloppenburg,7,7
RP Lefebvre,4,11
AY Karim,4,1
NAM McLean,0,7
J Srinath,28,63
Ehsanul Haque,2,4
NA de Groot,3,0
I Maraj,0,1
GJ Whittall,4,6
BA Murphy,5,7
C White,10,5
RC Irani,8,6
AR Caddick,18,32
G Snyman,8,38
SF Burger,0,2
BL Kotze,4,14
RJ van Vuuren,8,15
Manjural Islam,5,16
Talha Jubair,0,21
BO van Rooi,1,14
JJ Esmeijer,1,4
N Ifill,0,9
A Patel,3,6
BB Seebaran,1,2
PW Gunaratne,7,12
HK Olonga,1,14
MKGCP Lakshitha,2,2
MJ Hoggard,5,18
SK Warne,3,7
MNK Fernando,0,0
HB Shipley,15,18
JA Duffy,19,29
J Jarvis,7,13
S Fouch√©,10,7
WG Jacks,5,14
Rehan Ahmed,11,0
Aryan Lakra,6,12
T Stubbs,0,0
G Coetzee,29,51
Towhid Hridoy,0,0
MJ Humphreys,1,7
CN Ackermann,15,15
R Ravindra,17,10
D Madushanka,43,63
A Johnson,0,0
Pargat Singh,5,2
NR Kirton,4,2
H Thaker,22,20
N Dutta,2,3
Saad Bin Zafar,25,29
Kaleem Sana,27,79
SJ Modani,0,0
G Singh,6,2
H Carlyon,2,7
AM Tribe,0,2
DG Blampied,0,2
B Ward,4,2
J Sumerauer,10,24
CW Perchard,7,11
EJB Miles,4,2
D Heyliger,28,65
J Kariko,5,10
Agha Salman,15,23
CE McConchie,4,6
BG Lister,4,13
Usama Mir,15,18
Mrittunjoy Chowdhury,0,7
Ali Naseer,23,38
Muhammad Jawadullah,7,30
Jay Odedra,16,24
SSD Arachchige,1,0
M Pathirana,15,85
A Athanaze,1,2
DC Drakes,2,29
Mukesh Kumar,5,19
Shamim Hossain,0,0
TH David,1,0
AM Hardie,7,6
T Sangha,2,0
AAP Atkinson,11,24
Tanzim Hasan Sakib,14,24
Tilak Varma,0,0
MADI Hemantha,2,2
MW Short,1,5
TW Hartley,0,0
Khaled Ahmed,3,0
SA Engelbrecht,0,0
Mohammad Nawaz,21,30
N Rana,0,0
K Gowtham,1,8
RD Chahar,3,6
C Sakariya,2,3
SP Krishnamurthi,1,0
AA Paradkar,9,5
Naseem Shah,43,84
RN Bhatia,3,10
Yasir Mohammad,5,8
Shahnawaz Dhani,1,7
Pratis GC,2,5
SM Sharma,11,5
BDH Stevens,0,0
D Birrell,1,6
KAR Hodge,2,2
Akeem Jordan,1,5
K Phillip,3,20
Usman Rafiq,0,0
Yousuf Youhana,0,0
Shabbir Ahmed,18,90
M Zondeki,7,29
AC Dawson,2,10
Saqlain Mushtaq,4,9
TK Canning,2,0
Wasim Akram,12,45
Waqar Younis,7,14
D Joseph,5,20
Saeed Anwar,1,0
Reon King,1,4
Joseph Angara,1,1
Arshad Ali,1,1
Saqib Ali,1,3
EHSN Silva,0,0
Zahid Shah,7,13
Fahad Alhashmi,2,13
Aman Ali,0,2
J Louw,0,2
EJ Richardson,0,0
SE Rutherford,3,17
MW Forde,13,11
N Burger,5,9
B Sai Sudharsan,0,1
JA Clarkson,4,3
RK Singh,1,0
Rishad Hossain,5,19
LB Williams,16,38
A Ashok,1,0
W O'Rourke,8,23
J Liyanage,3,7
M Faraz Akram,4,8
T Mufudza,1,1
W Sutherland,2,4
Surya Tamang,1,11
R Dhakal,1,2
NS Dhaliwal,0,0
U Bhagwan,3,4
Shahid Ahmadzai,1,1
IS Sohi,5,5
DS Bajwa,1,2
M Levitt,1,3
K Klein,17,17
JT Brassell,6,22
Zuhaib Zubair,0,1
SW Currie,3,7
BJ Currie,18,49
Mehran Khan,0,15
JJ Davidson,5,4
K Sonavale,2,1
M Shiraz,1,0
R Parag,3,1
Milind Kumar,14,11
SC van Schalkwyk,16,18
Harmeet Singh,10,29
Steven Ryan Taylor,0,0
RR Joshi,2,3
J Drysdale,4,11
JG Bethell,5,8
DO Leicher,1,4
Omid Shafi Rahman,0,2
Muhammad Farooq,0,7
Akhil Kumar,4,10
Shakeel Ahmed,17,13
OEG Baartman,6,6
G Hoey,1,1
F Hand,1,2
JF Smith,0,1
DR Mousley,0,1
J Overton,1,2
JA Turner,2,6
Utkarsh Srivastava,0,0
D Parashar,5,0
Saim Ayub,5,2
Kamran Ghulam,1,0
C Connolly,0,1
SH Johnson,0,9
LR Morris,5,5
B Siddharth,2,11
S Shrivastava,9,6
Muzahir Raza,2,4
NG Smith,6,8
BJ Bennett,0,0
T Gwandu,0,0
Aamer Jamal,3,7
Abrar Ahmed,13,4
KT Maphaka,6,13
Sufiyan Muqeem,4,2
C Bosch,1,5
Nahid Rana,2,4
C Wickramasinghe,1,4
E Malinga,4,12
EP Thompson,0,3
E Katchay,1,0
G Goudie,3,0
GW Aldridge,1,5
N Ncube,3,11
DR Briggs,2,4
M de Lange,10,17
S Weerakoon,1,4
NM Odhiambo,2,2
JD Unadkat,10,8
SD Parry,4,4
Parvez Rasool,2,1
M Shezi,1,1
KV Sharma,0,0
GS Sandhu,3,6
Abdur Rauf,8,18
AW Mathieson,1,1
MS Gony,2,5
TE Tucker,0,1
PL Harris,3,12
AA Noffke,2,1
Samiullah Khan,0,3
AGR Loudon,0,3
JS Paris,1,2
BB Sran,8,21
DJ Cullen,2,12
J Mulder,2,3
SHA Rance,1,2
A Ndlovu,1,5
Abu Jayed,5,12
Mohammad Abbas,1,10
D Olivier,3,4
D Paterson,4,9
Abu Hider,1,4
Ariful Haque,0,0
T Natarajan,4,13
Usman Qadir,1,0
Akif Raja,4,21
C Gunasekara,0,2
SH Lewis,4,3
KADM Fernando,2,1
RJ Kirtley,3,6
DA Payne,2,6
RP Meredith,0,7
PR Adams,1,2
AA Donald,1,7
JL Louw,1,1
B White,1,7
GLS Scrimshaw,3,9
TF van Woerkom,1,0
Ihsanullah,0,2
Matiullah Khan,1,2
Adhitya Shetty,1,0
Zaman Khan,2,1
Junaid Zia,0,8
Mushtaq Ahmed,0,1
KP Walmsley,1,1
MDJ Walker,0,2
Mohammad Khalil,5,9
Rizwan Ahmed,0,2
XC Bartlett,9,11
Aakash Chand,2,4
H Dhami,3,8
Ammar Khalid,6,11
C Cassell,7,7
MG Kariata,1,1
BJ Dwarshuis,1,0
PD Blignaut,1,0
Ansh Patel,3,10
Parveen Kumar,2,0
G Bajwa,0,6
S Joseph,1,6
Faisal Akram,5,0
MJ Mindley,1,1
J Blades,0,3
Harshit Rana,3,1
BV Sears,0,1
